"Occupation Title","Occupation Code","Occupation Type","2022 Employment","2022 Percent of Industry","2022 Percent of Occupation","Projected 2032 Employment","Projected 2032 Percent of Industry","Projected 2032 Percent of Occupation","Employment Change, 2022-2032","Employment Percent Change, 2022-2032","Occupation Sort","Display Level"
"Total, all occupations","=""00-0000""","Summary","3,074.4","100.0","1.9","3,275.9","100.0","1.9","201.5","6.6","","0"
"Management occupations","=""11-0000""","Summary","357.6","11.6","2.8","389.0","11.9","2.9","31.4","8.8","2","1"
"Top executives","=""11-1000""","Summary","109.3","3.6","2.9","113.3","3.5","2.9","4.1","3.7","3","2"
"Chief executives","=""11-1011""","Line Item","9.3","0.3","3.3","8.5","0.3","3.3","-0.8","-8.9","4","3"
"General and operations managers","=""11-1021""","Line Item","99.9","3.3","2.8","104.9","3.2","2.9","4.9","4.9","5","3"
"Advertising, marketing, promotions, public relations, and sales managers","=""11-2000""","Summary","83.5","2.7","8.0","89.1","2.7","8.1","5.6","6.6","7","2"
"Advertising and promotions managers","=""11-2011""","Line Item","4.4","0.1","14.2","4.5","0.1","14.3","0.1","2.1","8","3"
"Marketing and sales managers","=""11-2020""","Summary","74.3","2.4","8.1","79.5","2.4","8.3","5.2","7.1","9","3"
"Marketing managers","=""11-2021""","Line Item","35.8","1.2","10.0","38.5","1.2","10.1","2.7","7.6","10","4"
"Sales managers","=""11-2022""","Line Item","38.5","1.3","6.9","41.0","1.3","7.1","2.5","6.5","11","4"
"Public relations and fundraising managers","=""11-2030""","Summary","4.9","0.2","4.6","5.1","0.2","4.6","0.2","4.5","12","3"
"Public relations managers","=""11-2032""","Line Item","4.1","0.1","5.7","4.3","0.1","5.7","0.2","4.9","13","4"
"Fundraising managers","=""11-2033""","Line Item","0.7","0.0","2.2","0.7","0.0","2.1","0.0","2.2","14","4"
"Operations specialties managers","=""11-3000""","Summary","129.0","4.2","5.3","148.2","4.5","5.4","19.2","14.9","15","2"
"Administrative services and facilities managers","=""11-3010""","Summary","9.8","0.3","2.6","10.4","0.3","2.6","0.6","6.6","16","3"
"Administrative services managers","=""11-3012""","Line Item","7.6","0.2","3.0","8.1","0.2","3.1","0.6","7.3","17","4"
"Facilities managers","=""11-3013""","Line Item","2.2","0.1","1.8","2.3","0.1","1.8","0.1","4.3","18","4"
"Computer and information systems managers","=""11-3021""","Line Item","78.6","2.6","14.1","92.2","2.8","14.3","13.5","17.2","19","3"
"Financial managers","=""11-3031""","Line Item","23.6","0.8","3.0","27.7","0.8","3.0","4.1","17.3","20","3"
"Industrial production managers","=""11-3051""","Line Item","1.3","0.0","0.6","1.3","0.0","0.6","0.0","2.0","21","3"
"Purchasing managers","=""11-3061""","Line Item","1.3","0.0","1.7","1.4","0.0","1.7","0.1","5.2","22","3"
"Transportation, storage, and distribution managers","=""11-3071""","Line Item","1.5","0.0","0.8","1.5","0.0","0.8","0.0","-0.3","23","3"
"Compensation and benefits managers","=""11-3111""","Line Item","0.6","0.0","3.5","0.6","0.0","3.5","0.0","2.0","24","3"
"Human resources managers","=""11-3121""","Line Item","10.1","0.3","5.3","10.8","0.3","5.4","0.7","7.1","25","3"
"Training and development managers","=""11-3131""","Line Item","2.1","0.1","5.2","2.3","0.1","5.2","0.2","7.4","26","3"
"Other management occupations","=""11-9000""","Summary","35.8","1.2","0.7","38.4","1.2","0.7","2.5","7.1","27","2"
"Construction managers","=""11-9021""","Line Item","1.4","0.0","0.3","1.4","0.0","0.3","0.0","1.1","29","3"
"Education and childcare administrators","=""11-9030""","Summary","0.3","0.0","0.0","0.3","0.0","0.0","0.0","10.1","30","3"
"Education administrators, all other","=""11-9039""","Line Item","0.3","0.0","0.5","0.3","0.0","0.5","0.0","10.1","34","4"
"Architectural and engineering managers","=""11-9041""","Line Item","3.1","0.1","1.6","3.3","0.1","1.6","0.1","4.2","35","3"
"Entertainment and recreation managers","=""11-9070""","Summary","1.4","0.0","4.5","1.4","0.0","4.2","0.0","1.4","37","3"
"Entertainment and recreation managers, except gambling","=""11-9072""","Line Item","1.4","0.0","5.4","1.4","0.0","5.0","0.0","1.4","39","4"
"Medical and health services managers","=""11-9111""","Line Item","0.1","0.0","0.0","0.1","0.0","0.0","0.0","33.3","41","3"
"Natural sciences managers","=""11-9121""","Line Item","0.1","0.0","0.1","0.1","0.0","0.1","0.0","6.4","42","3"
"Property, real estate, and community association managers","=""11-9141""","Line Item","0.3","0.0","0.1","0.3","0.0","0.1","0.0","2.4","44","3"
"Managers, all other","=""11-9199""","Line Item","28.9","0.9","2.3","31.1","1.0","2.5","2.3","7.8","50","3"
"Business and financial operations occupations","=""13-0000""","Summary","311.2","10.1","2.9","334.6","10.2","3.0","23.3","7.5","51","1"
"Business operations specialists","=""13-1000""","Summary","254.5","8.3","3.5","274.8","8.4","3.6","20.2","7.9","52","2"
"Agents and business managers of artists, performers, and athletes","=""13-1011""","Line Item","0.3","0.0","1.6","0.3","0.0","1.6","0.0","6.7","53","3"
"Buyers and purchasing agents","=""13-1020""","Line Item","6.1","0.2","1.2","5.6","0.2","1.2","-0.5","-8.1","54","3"
"Claims adjusters, appraisers, examiners, and investigators","=""13-1030""","Summary","0.5","0.0","0.2","0.5","0.0","0.2","0.0","-0.6","55","3"
"Claims adjusters, examiners, and investigators","=""13-1031""","Line Item","0.5","0.0","0.2","0.5","0.0","0.2","0.0","-0.6","56","4"
"Compliance officers","=""13-1041""","Line Item","7.0","0.2","1.9","7.3","0.2","1.9","0.3","4.6","58","3"
"Cost estimators","=""13-1051""","Line Item","0.7","0.0","0.3","0.7","0.0","0.3","0.0","-5.4","59","3"
"Human resources workers","=""13-1070""","Summary","29.1","0.9","3.1","30.7","0.9","3.1","1.7","5.7","60","3"
"Human resources specialists","=""13-1071""","Line Item","28.7","0.9","3.3","30.3","0.9","3.3","1.7","5.8","61","4"
"Labor relations specialists","=""13-1075""","Line Item","0.4","0.0","0.6","0.4","0.0","0.6","0.0","-0.6","63","4"
"Logisticians and project management specialists","=""13-1080""","Summary","48.2","1.6","4.4","52.1","1.6","4.4","3.9","8.1","64","3"
"Logisticians","=""13-1081""","Line Item","2.5","0.1","1.2","2.9","0.1","1.2","0.4","14.8","65","4"
"Project management specialists","=""13-1082""","Line Item","45.8","1.5","5.2","49.3","1.5","5.3","3.5","7.7","66","4"
"Management analysts","=""13-1111""","Line Item","22.3","0.7","2.3","24.2","0.7","2.2","1.9","8.6","67","3"
"Meeting, convention, and event planners","=""13-1121""","Line Item","5.6","0.2","4.2","5.7","0.2","4.0","0.1","1.5","68","3"
"Fundraisers","=""13-1131""","Line Item","1.8","0.1","1.5","1.8","0.1","1.4","0.0","1.2","69","3"
"Compensation, benefits, and job analysis specialists","=""13-1141""","Line Item","2.3","0.1","2.4","2.5","0.1","2.4","0.2","6.8","70","3"
"Training and development specialists","=""13-1151""","Line Item","14.2","0.5","3.7","15.1","0.5","3.7","0.9","6.0","71","3"
"Market research analysts and marketing specialists","=""13-1161""","Line Item","72.6","2.4","8.4","82.5","2.5","8.4","9.9","13.6","72","3"
"Business operations specialists, all other","=""13-1199""","Line Item","43.7","1.4","3.7","45.7","1.4","3.7","1.9","4.4","73","3"
"Financial specialists","=""13-2000""","Summary","56.7","1.8","1.7","59.8","1.8","1.7","3.1","5.5","74","2"
"Accountants and auditors","=""13-2011""","Line Item","40.7","1.3","2.6","43.0","1.3","2.7","2.3","5.7","75","3"
"Budget analysts","=""13-2031""","Line Item","1.1","0.0","2.1","1.1","0.0","2.0","0.0","3.0","77","3"
"Credit analysts","=""13-2041""","Line Item","0.9","0.0","1.2","0.8","0.0","1.2","-0.1","-8.3","78","3"
"Financial analysts and advisors","=""13-2050""","Summary","11.1","0.4","1.3","11.7","0.4","1.3","0.6","5.7","79","3"
"Financial and investment analysts","=""13-2051""","Line Item","9.6","0.3","3.0","10.2","0.3","3.0","0.5","5.5","80","4"
"Personal financial advisors","=""13-2052""","Line Item","0.3","0.0","0.1","0.3","0.0","0.1","0.0","12.0","81","4"
"Financial risk specialists","=""13-2054""","Line Item","1.2","0.0","2.0","1.2","0.0","1.9","0.1","6.2","83","4"
"Financial examiners","=""13-2061""","Line Item","0.3","0.0","0.4","0.3","0.0","0.4","0.0","11.3","84","3"
"Credit counselors and loan officers","=""13-2070""","Summary","0.3","0.0","0.1","0.4","0.0","0.1","0.0","4.1","85","3"
"Loan officers","=""13-2072""","Line Item","0.3","0.0","0.1","0.3","0.0","0.1","0.0","2.9","87","4"
"Financial specialists, all other","=""13-2099""","Line Item","2.2","0.1","1.6","2.3","0.1","1.6","0.1","6.3","91","3"
"Computer and mathematical occupations","=""15-0000""","Summary","732.8","23.8","13.9","868.2","26.5","14.3","135.4","18.5","92","1"
"Computer occupations","=""15-1200""","Summary","705.0","22.9","14.3","831.1","25.4","14.8","126.1","17.9","93","2"
"Computer and information analysts","=""15-1210""","Summary","60.7","2.0","8.7","69.9","2.1","8.7","9.2","15.1","94","3"
"Computer systems analysts","=""15-1211""","Line Item","43.7","1.4","8.2","47.9","1.5","8.2","4.2","9.6","95","4"
"Information security analysts","=""15-1212""","Line Item","17.0","0.6","10.1","22.0","0.7","9.9","5.0","29.3","96","4"
"Computer and information research scientists","=""15-1221""","Line Item","2.9","0.1","8.0","3.8","0.1","8.5","0.9","29.6","97","3"
"Computer support specialists","=""15-1230""","Summary","107.0","3.5","11.7","113.0","3.4","11.7","6.0","5.6","98","3"
"Computer network support specialists","=""15-1231""","Line Item","31.6","1.0","17.8","32.3","1.0","17.0","0.7","2.2","99","4"
"Computer user support specialists","=""15-1232""","Line Item","75.4","2.5","10.2","80.7","2.5","10.4","5.3","7.0","100","4"
"Database and network administrators and architects","=""15-1240""","Summary","80.6","2.6","12.0","82.1","2.5","11.8","1.6","1.9","101","3"
"Computer network architects","=""15-1241""","Line Item","32.0","1.0","17.8","31.4","1.0","16.8","-0.6","-2.0","102","4"
"Database administrators","=""15-1242""","Line Item","8.9","0.3","10.5","9.7","0.3","10.7","0.8","9.0","103","4"
"Database architects","=""15-1243""","Line Item","8.4","0.3","13.1","9.4","0.3","13.4","1.0","12.6","104","4"
"Network and computer systems administrators","=""15-1244""","Line Item","31.2","1.0","9.2","31.6","1.0","9.1","0.3","1.0","105","4"
"Software and web developers, programmers, and testers","=""15-1250""","Summary","416.8","13.6","19.3","522.0","15.9","19.9","105.3","25.3","106","3"
"Computer programmers","=""15-1251""","Line Item","16.1","0.5","10.9","14.6","0.4","11.2","-1.5","-9.3","107","4"
"Software developers","=""15-1252""","Line Item","323.6","10.5","20.3","414.6","12.7","20.7","91.0","28.1","108","4"
"Software quality assurance analysts and testers","=""15-1253""","Line Item","38.8","1.3","19.3","47.1","1.4","19.5","8.3","21.5","109","4"
"Web developers","=""15-1254""","Line Item","15.8","0.5","16.0","18.8","0.6","16.3","3.0","19.3","110","4"
"Web and digital interface designers","=""15-1255""","Line Item","22.5","0.7","19.1","26.9","0.8","19.8","4.4","19.6","111","4"
"Computer occupations, all other","=""15-1299""","Line Item","37.1","1.2","8.3","40.3","1.2","8.2","3.2","8.8","112","3"
"Mathematical science occupations","=""15-2000""","Summary","27.8","0.9","8.0","37.0","1.1","8.2","9.3","33.4","113","2"
"Actuaries","=""15-2011""","Line Item","0.1","0.0","0.2","0.1","0.0","0.3","0.0","29.3","114","3"
"Operations research analysts","=""15-2031""","Line Item","6.1","0.2","5.6","7.4","0.2","5.5","1.3","20.5","116","3"
"Statisticians","=""15-2041""","Line Item","0.7","0.0","2.1","0.9","0.0","2.2","0.2","35.8","117","3"
"Data scientists","=""15-2051""","Line Item","20.7","0.7","12.3","28.4","0.9","12.5","7.7","37.2","118","3"
"Mathematical science occupations, all other","=""15-2099""","Line Item","0.1","0.0","3.6","0.2","0.0","3.8","0.0","11.8","119","3"
"Architecture and engineering occupations","=""17-0000""","Summary","37.5","1.2","1.4","43.0","1.3","1.6","5.5","14.7","120","1"
"Architects, surveyors, and cartographers","=""17-1000""","Summary","0.4","0.0","0.2","0.5","0.0","0.2","0.0","4.2","121","2"
"Surveyors, cartographers, and photogrammetrists","=""17-1020""","Summary","0.4","0.0","0.6","0.4","0.0","0.6","0.0","4.3","125","3"
"Cartographers and photogrammetrists","=""17-1021""","Line Item","0.3","0.0","2.4","0.4","0.0","2.4","0.0","5.9","126","4"
"Surveyors","=""17-1022""","Line Item","0.1","0.0","0.1","0.1","0.0","0.1","0.0","-5.8","127","4"
"Engineers","=""17-2000""","Summary","33.1","1.1","1.9","38.7","1.2","2.1","5.6","16.8","128","2"
"Aerospace engineers","=""17-2011""","Line Item","0.2","0.0","0.3","0.2","0.0","0.3","0.0","1.1","129","3"
"Civil engineers","=""17-2051""","Line Item","0.4","0.0","0.1","0.4","0.0","0.1","0.0","-4.8","133","3"
"Computer hardware engineers","=""17-2061""","Line Item","5.0","0.2","6.4","5.4","0.2","6.6","0.4","7.5","134","3"
"Electrical and electronics engineers","=""17-2070""","Summary","24.2","0.8","8.1","29.0","0.9","9.2","4.8","20.0","135","3"
"Electrical engineers","=""17-2071""","Line Item","3.3","0.1","1.7","3.5","0.1","1.8","0.3","7.7","136","4"
"Electronics engineers, except computer","=""17-2072""","Line Item","20.9","0.7","18.9","25.5","0.8","21.5","4.6","21.9","137","4"
"Industrial engineers, including health and safety","=""17-2110""","Summary","1.3","0.0","0.4","1.5","0.0","0.4","0.2","12.4","139","3"
"Industrial engineers","=""17-2112""","Line Item","1.3","0.0","0.4","1.4","0.0","0.4","0.2","12.4","141","4"
"Engineers, all other","=""17-2199""","Line Item","1.2","0.0","0.7","1.3","0.0","0.8","0.1","6.3","148","3"
"Drafters, engineering technicians, and mapping technicians","=""17-3000""","Summary","3.9","0.1","0.6","3.8","0.1","0.6","-0.1","-1.8","149","2"
"Drafters","=""17-3010""","Summary","1.2","0.0","0.6","1.2","0.0","0.6","-0.1","-4.3","150","3"
"Architectural and civil drafters","=""17-3011""","Line Item","0.1","0.0","0.0","0.0","0.0","0.0","0.0","-2.0","151","4"
"Electrical and electronics drafters","=""17-3012""","Line Item","1.1","0.0","4.9","1.0","0.0","4.6","0.0","-3.6","152","4"
"Mechanical drafters","=""17-3013""","Line Item","0.1","0.0","0.1","0.1","0.0","0.1","0.0","-9.3","153","4"
"Drafters, all other","=""17-3019""","Line Item","0.1","0.0","0.3","0.0","0.0","0.3","0.0","-13.1","154","4"
"Engineering technologists and technicians, except drafters","=""17-3020""","Summary","2.3","0.1","0.6","2.3","0.1","0.6","0.0","-0.9","155","3"
"Electrical and electronic engineering technologists and technicians","=""17-3023""","Line Item","1.5","0.0","1.5","1.5","0.0","1.4","-0.1","-3.4","158","4"
"Industrial engineering technologists and technicians","=""17-3026""","Line Item","0.1","0.0","0.2","0.1","0.0","0.2","0.0","1.7","161","4"
"Calibration technologists and technicians","=""17-3028""","Line Item","0.1","0.0","0.5","0.1","0.0","0.5","0.0","3.6","163","4"
"Engineering technologists and technicians, except drafters, all other","=""17-3029""","Line Item","0.4","0.0","0.5","0.4","0.0","0.6","0.0","7.0","164","4"
"Life, physical, and social science occupations","=""19-0000""","Summary","3.8","0.1","0.3","4.0","0.1","0.3","0.2","5.3","166","1"
"Physical scientists","=""19-2000""","Summary","2.0","0.1","0.8","2.1","0.1","0.7","0.1","2.6","184","2"
"Atmospheric and space scientists","=""19-2021""","Line Item","1.9","0.1","17.9","1.9","0.1","17.5","0.0","2.0","188","3"
"Social scientists and related workers","=""19-3000""","Summary","0.3","0.0","0.1","0.3","0.0","0.1","0.0","-0.5","197","2"
"Economists","=""19-3011""","Line Item","0.1","0.0","0.4","0.1","0.0","0.4","0.0","6.0","198","3"
"Survey researchers","=""19-3022""","Line Item","0.1","0.0","1.2","0.1","0.0","1.1","0.0","-12.4","199","3"
"Life, physical, and social science technicians","=""19-4000""","Summary","0.4","0.0","0.1","0.4","0.0","0.1","0.0","7.2","213","2"
"Environmental science and geoscience technicians","=""19-4040""","Summary","0.2","0.0","0.4","0.2","0.0","0.4","0.0","9.8","219","3"
"Miscellaneous life, physical, and social science technicians","=""19-4090""","Summary","0.2","0.0","0.2","0.2","0.0","0.2","0.0","4.3","226","3"
"Life, physical, and social science technicians, all other","=""19-4099""","Line Item","0.2","0.0","0.2","0.2","0.0","0.2","0.0","4.3","228","4"
"Occupational health and safety specialists and technicians","=""19-5000""","Summary","0.9","0.0","0.7","1.0","0.0","0.7","0.1","10.6","229","2"
"Occupational health and safety specialists","=""19-5011""","Line Item","0.7","0.0","0.7","0.8","0.0","0.6","0.1","11.4","230","3"
"Occupational health and safety technicians","=""19-5012""","Line Item","0.2","0.0","0.7","0.2","0.0","0.7","0.0","7.1","231","3"
"Community and social service occupations","=""21-0000""","Summary","1.1","0.0","0.0","1.3","0.0","0.0","0.2","13.6","232","1"
"Counselors, social workers, and other community and social service specialists","=""21-1000""","Summary","1.0","0.0","0.0","1.2","0.0","0.0","0.1","14.3","233","2"
"Counselors","=""21-1010""","Summary","0.1","0.0","0.0","0.1","0.0","0.0","0.0","10.3","234","3"
"Educational, guidance, and career counselors and advisors","=""21-1012""","Line Item","0.1","0.0","0.0","0.1","0.0","0.0","0.0","10.5","235","4"
"Social workers","=""21-1020""","Summary","0.1","0.0","0.0","0.1","0.0","0.0","0.0","4.4","240","3"
"Miscellaneous community and social service specialists","=""21-1090""","Summary","0.9","0.0","0.1","1.0","0.0","0.1","0.1","15.5","245","3"
"Legal occupations","=""23-0000""","Summary","12.2","0.4","0.9","13.7","0.4","1.0","1.5","12.4","255","1"
"Lawyers, judges, and related workers","=""23-1000""","Summary","9.6","0.3","1.1","10.8","0.3","1.1","1.3","13.3","256","2"
"Lawyers and judicial law clerks","=""23-1010""","Summary","9.6","0.3","1.1","10.8","0.3","1.2","1.3","13.3","257","3"
"Lawyers","=""23-1011""","Line Item","9.6","0.3","1.2","10.8","0.3","1.2","1.3","13.3","258","4"
"Legal support workers","=""23-2000""","Summary","2.7","0.1","0.6","2.9","0.1","0.6","0.2","9.1","264","2"
"Paralegals and legal assistants","=""23-2011""","Line Item","1.6","0.1","0.5","1.7","0.1","0.5","0.1","6.9","265","3"
"Miscellaneous legal support workers","=""23-2090""","Summary","1.0","0.0","0.9","1.2","0.0","1.0","0.1","12.6","266","3"
"Title examiners, abstractors, and searchers","=""23-2093""","Line Item","0.7","0.0","1.1","0.8","0.0","1.3","0.1","15.3","267","4"
"Legal support workers, all other","=""23-2099""","Line Item","0.4","0.0","0.7","0.4","0.0","0.7","0.0","7.2","268","4"
"Educational instruction and library occupations","=""25-0000""","Summary","18.7","0.6","0.2","20.6","0.6","0.2","1.8","9.7","269","1"
"Other teachers and instructors","=""25-3000""","Summary","1.2","0.0","0.1","1.2","0.0","0.1","0.1","7.0","335","2"
"Adult basic education, adult secondary education, and english as a second language instructors","=""25-3011""","Line Item","0.1","0.0","0.2","0.1","0.0","0.3","0.0","-1.9","336","3"
"Self-enrichment teachers","=""25-3021""","Line Item","0.5","0.0","0.1","0.5","0.0","0.1","0.0","9.0","337","3"
"Tutors","=""25-3041""","Line Item","0.4","0.0","0.2","0.4","0.0","0.2","0.0","6.9","339","3"
"Teachers and instructors, all other","=""25-3099""","Line Item","0.1","0.0","0.1","0.2","0.0","0.1","0.0","6.2","340","3"
"Librarians, curators, and archivists","=""25-4000""","Summary","15.2","0.5","5.9","16.8","0.5","6.4","1.6","10.3","341","2"
"Archivists, curators, and museum technicians","=""25-4010""","Summary","1.2","0.0","3.2","1.3","0.0","3.2","0.1","9.0","342","3"
"Archivists","=""25-4011""","Line Item","1.0","0.0","10.4","1.1","0.0","10.4","0.1","8.1","343","4"
"Curators","=""25-4012""","Line Item","0.2","0.0","1.3","0.2","0.0","1.3","0.0","11.9","344","4"
"Museum technicians and conservators","=""25-4013""","Line Item","0.1","0.0","0.4","0.1","0.0","0.4","0.0","15.2","345","4"
"Librarians and media collections specialists","=""25-4022""","Line Item","8.5","0.3","6.0","9.7","0.3","6.7","1.2","14.6","346","3"
"Library technicians","=""25-4031""","Line Item","5.5","0.2","7.0","5.7","0.2","7.8","0.2","3.9","347","3"
"Other educational instruction and library occupations","=""25-9000""","Summary","2.3","0.1","0.1","2.5","0.1","0.1","0.2","7.0","348","2"
"Instructional coordinators","=""25-9031""","Line Item","1.8","0.1","0.8","1.9","0.1","0.8","0.1","5.6","350","3"
"Educational instruction and library workers, all other","=""25-9099""","Line Item","0.3","0.0","0.2","0.3","0.0","0.2","0.0","11.3","354","3"
"Arts, design, entertainment, sports, and media occupations","=""27-0000""","Summary","486.7","15.8","15.8","497.9","15.2","15.6","11.2","2.3","355","1"
"Art and design workers","=""27-1000""","Summary","69.7","2.3","7.0","74.1","2.3","7.3","4.4","6.3","356","2"
"Artists and related workers","=""27-1010""","Summary","38.2","1.2","13.7","42.2","1.3","14.2","4.0","10.4","357","3"
"Art directors","=""27-1011""","Line Item","11.2","0.4","8.3","11.6","0.4","8.1","0.4","3.7","358","4"
"Craft artists","=""27-1012""","Line Item","0.4","0.0","3.7","0.5","0.0","3.8","0.0","6.8","359","4"
"Fine artists, including painters, sculptors, and illustrators","=""27-1013""","Line Item","1.7","0.1","5.7","1.8","0.1","5.9","0.1","7.2","360","4"
"Special effects artists and animators","=""27-1014""","Line Item","24.0","0.8","26.9","27.4","0.8","28.3","3.4","14.0","361","4"
"Artists and related workers, all other","=""27-1019""","Line Item","0.9","0.0","6.1","0.9","0.0","6.3","0.1","6.8","362","4"
"Designers","=""27-1020""","Summary","31.6","1.0","4.4","32.0","1.0","4.4","0.4","1.3","363","3"
"Commercial and industrial designers","=""27-1021""","Line Item","0.5","0.0","1.4","0.5","0.0","1.5","0.0","5.9","364","4"
"Fashion designers","=""27-1022""","Line Item","0.8","0.0","3.3","1.0","0.0","3.7","0.1","17.4","365","4"
"Graphic designers","=""27-1024""","Line Item","25.8","0.8","9.5","25.7","0.8","9.2","0.0","-0.2","367","4"
"Merchandise displayers and window trimmers","=""27-1026""","Line Item","0.1","0.0","0.0","0.1","0.0","0.0","0.0","0.0","369","4"
"Set and exhibit designers","=""27-1027""","Line Item","3.4","0.1","12.1","3.6","0.1","12.0","0.2","6.6","370","4"
"Designers, all other","=""27-1029""","Line Item","1.1","0.0","3.1","1.1","0.0","3.2","0.1","6.0","371","4"
"Entertainers and performers, sports and related workers","=""27-2000""","Summary","133.2","4.3","15.5","140.6","4.3","15.5","7.3","5.5","372","2"
"Actors, producers, and directors","=""27-2010""","Summary","128.3","4.2","50.6","135.4","4.1","50.6","7.1","5.5","373","3"
"Actors","=""27-2011""","Line Item","19.7","0.6","25.2","19.6","0.6","24.3","-0.1","-0.6","374","4"
"Producers and directors","=""27-2012""","Line Item","108.6","3.5","62.0","115.9","3.5","62.0","7.2","6.6","375","4"
"Athletes, coaches, umpires, and related workers","=""27-2020""","Summary","0.1","0.0","0.0","0.1","0.0","0.0","0.0","7.9","376","3"
"Dancers and choreographers","=""27-2030""","Summary","0.2","0.0","0.8","0.2","0.0","0.8","0.0","6.0","380","3"
"Dancers","=""27-2031""","Line Item","0.1","0.0","1.1","0.1","0.0","1.1","0.0","6.0","381","4"
"Musicians, singers, and related workers","=""27-2040""","Summary","1.2","0.0","0.5","1.3","0.0","0.6","0.1","5.6","383","3"
"Music directors and composers","=""27-2041""","Line Item","0.9","0.0","1.7","1.0","0.0","1.8","0.0","5.4","384","4"
"Musicians and singers","=""27-2042""","Line Item","0.3","0.0","0.2","0.3","0.0","0.2","0.0","6.3","385","4"
"Miscellaneous entertainers and performers, sports and related workers","=""27-2090""","Summary","3.4","0.1","6.7","3.5","0.1","6.6","0.1","4.4","386","3"
"Disc jockeys, except radio","=""27-2091""","Line Item","0.4","0.0","1.8","0.4","0.0","1.5","0.0","-10.5","387","4"
"Entertainers and performers, sports and related workers, all other","=""27-2099""","Line Item","3.0","0.1","11.1","3.1","0.1","11.0","0.2","6.6","388","4"
"Media and communication workers","=""27-3000""","Summary","179.9","5.9","21.8","174.0","5.3","20.5","-5.9","-3.3","389","2"
"Broadcast announcers and radio disc jockeys","=""27-3011""","Line Item","23.8","0.8","85.1","20.5","0.6","82.5","-3.3","-14.1","390","3"
"News analysts, reporters, and journalists","=""27-3023""","Line Item","41.6","1.4","71.0","39.2","1.2","69.3","-2.4","-5.7","391","3"
"Public relations specialists","=""27-3031""","Line Item","13.2","0.4","4.5","13.8","0.4","4.4","0.5","4.1","392","3"
"Writers and editors","=""27-3040""","Summary","86.6","2.8","26.5","85.1","2.6","25.7","-1.5","-1.7","393","3"
"Editors","=""27-3041""","Line Item","66.1","2.1","54.1","64.0","2.0","54.5","-2.1","-3.2","394","4"
"Technical writers","=""27-3042""","Line Item","5.7","0.2","10.7","6.2","0.2","10.8","0.5","8.2","395","4"
"Writers and authors","=""27-3043""","Line Item","14.9","0.5","9.8","15.0","0.5","9.6","0.2","1.1","396","4"
"Miscellaneous media and communication workers","=""27-3090""","Summary","14.7","0.5","12.7","15.4","0.5","12.8","0.8","5.2","397","3"
"Interpreters and translators","=""27-3091""","Line Item","1.3","0.0","1.8","1.3","0.0","1.8","0.0","2.3","398","4"
"Court reporters and simultaneous captioners","=""27-3092""","Line Item","0.1","0.0","0.4","0.1","0.0","0.4","0.0","4.0","399","4"
"Media and communication workers, all other","=""27-3099""","Line Item","13.3","0.4","51.6","14.1","0.4","52.2","0.7","5.5","400","4"
"Media and communication equipment workers","=""27-4000""","Summary","103.9","3.4","26.2","109.2","3.3","26.5","5.4","5.2","401","2"
"Broadcast, sound, and lighting technicians","=""27-4010""","Summary","53.7","1.7","37.6","52.9","1.6","36.4","-0.9","-1.6","402","3"
"Audio and video technicians","=""27-4011""","Line Item","14.2","0.5","19.0","14.9","0.5","19.0","0.7","4.8","403","4"
"Broadcast technicians","=""27-4012""","Line Item","28.0","0.9","70.2","26.9","0.8","68.3","-1.1","-3.8","404","4"
"Sound engineering technicians","=""27-4014""","Line Item","8.2","0.3","46.5","7.8","0.2","45.1","-0.4","-4.3","405","4"
"Lighting technicians","=""27-4015""","Line Item","3.4","0.1","31.8","3.2","0.1","31.6","-0.1","-4.1","406","4"
"Photographers","=""27-4021""","Line Item","7.2","0.2","4.8","7.2","0.2","4.6","0.0","-0.3","407","3"
"Television, video, and film camera operators and editors","=""27-4030""","Summary","37.9","1.2","43.3","43.9","1.3","47.0","6.0","15.8","408","3"
"Camera operators, television, video, and film","=""27-4031""","Line Item","14.6","0.5","40.1","16.8","0.5","44.7","2.1","14.6","409","4"
"Film and video editors","=""27-4032""","Line Item","23.3","0.8","45.6","27.1","0.8","48.6","3.8","16.5","410","4"
"Media and communication equipment workers, all other","=""27-4099""","Line Item","5.0","0.2","28.9","5.3","0.2","29.5","0.3","5.4","411","3"
"Healthcare practitioners and technical occupations","=""29-0000""","Summary","4.3","0.1","0.0","4.9","0.2","0.0","0.6","13.4","412","1"
"Healthcare diagnosing or treating practitioners","=""29-1000""","Summary","0.7","0.0","0.0","0.8","0.0","0.0","0.1","11.3","413","2"
"Registered nurses","=""29-1141""","Line Item","0.6","0.0","0.0","0.6","0.0","0.0","0.1","11.3","436","3"
"Health technologists and technicians","=""29-2000""","Summary","3.2","0.1","0.1","3.7","0.1","0.1","0.4","12.9","464","2"
"Emergency medical technicians and paramedics","=""29-2040""","Summary","0.5","0.0","0.2","0.5","0.0","0.2","0.0","6.9","473","3"
"Emergency medical technicians","=""29-2042""","Line Item","0.3","0.0","0.2","0.4","0.0","0.2","0.0","6.9","474","4"
"Paramedics","=""29-2043""","Line Item","0.1","0.0","0.1","0.1","0.0","0.1","0.0","6.9","475","4"
"Health practitioner support technologists and technicians","=""29-2050""","Summary","0.5","0.0","0.1","0.5","0.0","0.1","0.1","10.9","476","3"
"Pharmacy technicians","=""29-2052""","Line Item","0.4","0.0","0.1","0.4","0.0","0.1","0.0","10.4","478","4"
"Medical records specialists","=""29-2072""","Line Item","2.3","0.1","1.2","2.6","0.1","1.2","0.3","14.6","484","3"
"Other healthcare practitioners and technical occupations","=""29-9000""","Summary","0.4","0.0","0.3","0.5","0.0","0.3","0.1","21.2","490","2"
"Health information technologists and medical registrars","=""29-9021""","Line Item","0.3","0.0","0.8","0.4","0.0","0.8","0.1","21.0","491","3"
"Healthcare support occupations","=""31-0000""","Summary","0.2","0.0","0.0","0.3","0.0","0.0","0.0","10.9","497","1"
"Other healthcare support occupations","=""31-9000""","Summary","0.2","0.0","0.0","0.2","0.0","0.0","0.0","11.1","511","2"
"Miscellaneous healthcare support occupations","=""31-9090""","Summary","0.2","0.0","0.0","0.2","0.0","0.0","0.0","11.3","513","3"
"Healthcare support workers, all other","=""31-9099""","Line Item","0.1","0.0","0.1","0.1","0.0","0.1","0.0","8.7","521","4"
"Protective service occupations","=""33-0000""","Summary","3.4","0.1","0.1","3.4","0.1","0.1","0.0","-0.7","522","1"
"Supervisors of protective service workers","=""33-1000""","Summary","0.3","0.0","0.1","0.3","0.0","0.1","0.0","-2.8","523","2"
"Miscellaneous first-line supervisors, protective service workers","=""33-1090""","Summary","0.3","0.0","0.4","0.3","0.0","0.4","0.0","-2.7","528","3"
"First-line supervisors of security workers","=""33-1091""","Line Item","0.2","0.0","0.4","0.2","0.0","0.4","0.0","-6.4","529","4"
"First-line supervisors of protective service workers, all other","=""33-1099""","Line Item","0.1","0.0","0.4","0.1","0.0","0.4","0.0","7.2","530","4"
"Other protective service workers","=""33-9000""","Summary","3.1","0.1","0.2","3.1","0.1","0.2","0.0","-0.6","546","2"
"Private detectives and investigators","=""33-9021""","Line Item","0.7","0.0","1.8","0.7","0.0","1.8","0.0","4.7","548","3"
"Security guards and gambling surveillance officers","=""33-9030""","Summary","2.3","0.1","0.2","2.2","0.1","0.2","-0.1","-2.3","549","3"
"Security guards","=""33-9032""","Line Item","2.3","0.1","0.2","2.2","0.1","0.2","-0.1","-2.3","551","4"
"Miscellaneous protective service workers","=""33-9090""","Summary","0.1","0.0","0.0","0.1","0.0","0.0","0.0","1.5","552","3"
"Protective service workers, all other","=""33-9099""","Line Item","0.1","0.0","0.1","0.1","0.0","0.1","0.0","-0.3","557","4"
"Food preparation and serving related occupations","=""35-0000""","Summary","32.8","1.1","0.3","34.8","1.1","0.3","2.1","6.3","558","1"
"Supervisors of food preparation and serving workers","=""35-1000""","Summary","2.8","0.1","0.2","2.9","0.1","0.2","0.1","1.8","559","2"
"Chefs and head cooks","=""35-1011""","Line Item","0.3","0.0","0.2","0.3","0.0","0.2","0.0","7.8","560","3"
"First-line supervisors of food preparation and serving workers","=""35-1012""","Line Item","2.5","0.1","0.2","2.5","0.1","0.2","0.0","1.0","561","3"
"Cooks and food preparation workers","=""35-2000""","Summary","2.0","0.1","0.1","2.2","0.1","0.1","0.2","9.1","562","2"
"Cooks","=""35-2010""","Summary","1.5","0.0","0.1","1.7","0.1","0.1","0.2","11.0","563","3"
"Cooks, institution and cafeteria","=""35-2012""","Line Item","0.2","0.0","0.0","0.2","0.0","0.0","0.0","6.9","565","4"
"Cooks, restaurant","=""35-2014""","Line Item","0.2","0.0","0.0","0.2","0.0","0.0","0.0","11.2","567","4"
"Cooks, short order","=""35-2015""","Line Item","0.4","0.0","0.3","0.5","0.0","0.4","0.0","10.0","568","4"
"Cooks, all other","=""35-2019""","Line Item","0.6","0.0","3.1","0.7","0.0","3.5","0.1","15.1","569","4"
"Food preparation workers","=""35-2021""","Line Item","0.5","0.0","0.1","0.5","0.0","0.1","0.0","3.3","570","3"
"Food and beverage serving workers","=""35-3000""","Summary","27.3","0.9","0.4","29.1","0.9","0.4","1.7","6.4","571","2"
"Bartenders","=""35-3011""","Line Item","1.5","0.0","0.2","1.8","0.1","0.3","0.3","21.1","572","3"
"Fast food and counter workers","=""35-3023""","Line Item","20.8","0.7","0.6","21.0","0.6","0.6","0.2","1.1","573","3"
"Waiters and waitresses","=""35-3031""","Line Item","2.5","0.1","0.1","2.7","0.1","0.1","0.3","11.2","574","3"
"Food servers, nonrestaurant","=""35-3041""","Line Item","2.6","0.1","1.0","3.5","0.1","1.3","0.9","35.9","575","3"
"Other food preparation and serving related workers","=""35-9000""","Summary","0.6","0.0","0.0","0.6","0.0","0.0","0.1","13.8","576","2"
"Dining room and cafeteria attendants and bartender helpers","=""35-9011""","Line Item","0.1","0.0","0.0","0.2","0.0","0.0","0.0","11.2","577","3"
"Dishwashers","=""35-9021""","Line Item","0.3","0.0","0.1","0.3","0.0","0.1","0.0","13.7","578","3"
"Food preparation and serving related workers, all other","=""35-9099""","Line Item","0.1","0.0","0.1","0.1","0.0","0.1","0.0","16.5","580","3"
"Building and grounds cleaning and maintenance occupations","=""37-0000""","Summary","6.2","0.2","0.1","6.4","0.2","0.1","0.1","2.2","581","1"
"First-line supervisors of housekeeping and janitorial workers","=""37-1011""","Line Item","0.2","0.0","0.1","0.2","0.0","0.1","0.0","6.5","583","3"
"Building cleaning and pest control workers","=""37-2000""","Summary","5.7","0.2","0.2","5.8","0.2","0.2","0.1","1.8","585","2"
"Building cleaning workers","=""37-2010""","Summary","5.7","0.2","0.2","5.8","0.2","0.2","0.1","1.8","586","3"
"Janitors and cleaners, except maids and housekeeping cleaners","=""37-2011""","Line Item","5.5","0.2","0.2","5.6","0.2","0.2","0.1","1.6","587","4"
"Maids and housekeeping cleaners","=""37-2012""","Line Item","0.2","0.0","0.0","0.2","0.0","0.0","0.0","8.3","588","4"
"Landscaping and groundskeeping workers","=""37-3011""","Line Item","0.3","0.0","0.0","0.3","0.0","0.0","0.0","5.7","592","3"
"Personal care and service occupations","=""39-0000""","Summary","74.7","2.4","1.8","75.6","2.3","1.7","0.9","1.2","596","1"
"Supervisors of personal care and service workers","=""39-1000""","Summary","9.3","0.3","3.1","9.4","0.3","2.9","0.1","1.1","597","2"
"First-line supervisors of entertainment and recreation workers","=""39-1010""","Summary","7.2","0.2","5.0","7.3","0.2","4.8","0.1","1.1","598","3"
"First-line supervisors of entertainment and recreation workers, except gambling services","=""39-1014""","Line Item","7.2","0.2","6.3","7.3","0.2","5.9","0.1","1.1","600","4"
"First-line supervisors of personal service workers","=""39-1022""","Line Item","2.0","0.1","1.3","2.1","0.1","1.2","0.0","1.2","601","3"
"Animal care and service workers","=""39-2000""","Summary","0.1","0.0","0.0","0.2","0.0","0.0","0.0","6.9","602","2"
"Animal trainers","=""39-2011""","Line Item","0.1","0.0","0.2","0.1","0.0","0.2","0.0","6.9","603","3"
"Entertainment attendants and related workers","=""39-3000""","Summary","61.1","2.0","10.6","61.6","1.9","10.4","0.5","0.9","605","2"
"Motion picture projectionists","=""39-3021""","Line Item","1.7","0.1","80.5","1.5","0.0","76.6","-0.2","-14.0","610","3"
"Ushers, lobby attendants, and ticket takers","=""39-3031""","Line Item","53.9","1.8","50.6","54.5","1.7","50.3","0.6","1.1","611","3"
"Miscellaneous entertainment attendants and related workers","=""39-3090""","Summary","5.2","0.2","1.4","5.4","0.2","1.4","0.2","3.6","612","3"
"Amusement and recreation attendants","=""39-3091""","Line Item","2.4","0.1","0.7","2.4","0.1","0.7","0.0","1.1","613","4"
"Costume attendants","=""39-3092""","Line Item","2.3","0.1","37.8","2.5","0.1","38.4","0.2","6.5","614","4"
"Entertainment attendants and related workers, all other","=""39-3099""","Line Item","0.3","0.0","5.8","0.3","0.0","5.5","0.0","-0.3","616","4"
"Personal appearance workers","=""39-5000""","Summary","3.3","0.1","0.4","3.5","0.1","0.4","0.2","6.6","623","2"
"Barbers, hairdressers, hairstylists and cosmetologists","=""39-5010""","Summary","1.4","0.0","0.2","1.5","0.0","0.2","0.1","7.4","624","3"
"Hairdressers, hairstylists, and cosmetologists","=""39-5012""","Line Item","1.4","0.0","0.2","1.5","0.0","0.2","0.1","7.4","626","4"
"Miscellaneous personal appearance workers","=""39-5090""","Summary","1.9","0.1","0.7","2.0","0.1","0.6","0.1","6.0","627","3"
"Makeup artists, theatrical and performance","=""39-5091""","Line Item","1.9","0.1","41.4","2.0","0.1","40.5","0.1","6.2","628","4"
"Other personal care and service workers","=""39-9000""","Summary","0.8","0.0","0.0","0.9","0.0","0.0","0.0","4.7","637","2"
"Recreation and fitness workers","=""39-9030""","Summary","0.7","0.0","0.1","0.8","0.0","0.1","0.0","4.8","639","3"
"Personal care and service workers, all other","=""39-9099""","Line Item","0.1","0.0","0.1","0.1","0.0","0.1","0.0","3.0","643","3"
"Sales and related occupations","=""41-0000""","Summary","345.0","11.2","2.4","349.7","10.7","2.5","4.7","1.4","644","1"
"Supervisors of sales workers","=""41-1000""","Summary","30.1","1.0","1.7","29.9","0.9","1.8","-0.2","-0.8","645","2"
"First-line supervisors of retail sales workers","=""41-1011""","Line Item","4.6","0.1","0.3","4.5","0.1","0.3","-0.1","-2.9","646","3"
"First-line supervisors of non-retail sales workers","=""41-1012""","Line Item","25.5","0.8","7.0","25.4","0.8","7.1","-0.1","-0.4","647","3"
"Retail sales workers","=""41-2000""","Summary","19.5","0.6","0.3","17.8","0.5","0.2","-1.6","-8.3","648","2"
"Cashiers","=""41-2010""","Summary","7.8","0.3","0.2","6.6","0.2","0.2","-1.1","-14.3","649","3"
"Cashiers","=""41-2011""","Line Item","7.8","0.3","0.2","6.6","0.2","0.2","-1.1","-14.3","650","4"
"Counter and rental clerks and parts salespersons","=""41-2020""","Summary","0.1","0.0","0.0","0.1","0.0","0.0","0.0","-1.4","652","3"
"Counter and rental clerks","=""41-2021""","Line Item","0.1","0.0","0.0","0.1","0.0","0.0","0.0","-1.3","653","4"
"Retail salespersons","=""41-2031""","Line Item","11.6","0.4","0.3","11.1","0.3","0.3","-0.5","-4.4","655","3"
"Sales representatives, services","=""41-3000""","Summary","223.0","7.3","9.7","224.6","6.9","9.2","1.6","0.7","656","2"
"Advertising sales agents","=""41-3011""","Line Item","51.7","1.7","46.4","48.7","1.5","47.1","-3.0","-5.9","657","3"
"Securities, commodities, and financial services sales agents","=""41-3031""","Line Item","0.4","0.0","0.1","0.5","0.0","0.1","0.0","7.1","659","3"
"Travel agents","=""41-3041""","Line Item","0.1","0.0","0.1","0.1","0.0","0.1","0.0","9.8","660","3"
"Sales representatives of services, except advertising, insurance, financial services, and travel","=""41-3091""","Line Item","170.7","5.6","15.3","175.3","5.4","15.1","4.6","2.7","661","3"
"Sales representatives, wholesale and manufacturing","=""41-4000""","Summary","51.2","1.7","3.1","56.2","1.7","3.4","5.0","9.8","662","2"
"Sales representatives, wholesale and manufacturing, technical and scientific products","=""41-4011""","Line Item","36.2","1.2","11.9","40.7","1.2","12.9","4.5","12.5","663","3"
"Sales representatives, wholesale and manufacturing, except technical and scientific products","=""41-4012""","Line Item","15.0","0.5","1.1","15.5","0.5","1.1","0.5","3.3","664","3"
"Other sales and related workers","=""41-9000""","Summary","21.3","0.7","2.2","21.2","0.6","2.2","0.0","-0.2","665","2"
"Models, demonstrators, and product promoters","=""41-9010""","Summary","0.7","0.0","1.5","0.7","0.0","1.5","0.0","4.3","666","3"
"Demonstrators and product promoters","=""41-9011""","Line Item","0.5","0.0","1.2","0.6","0.0","1.2","0.0","4.0","667","4"
"Real estate brokers and sales agents","=""41-9020""","Summary","0.2","0.0","0.0","0.2","0.0","0.0","0.0","8.3","669","3"
"Real estate sales agents","=""41-9022""","Line Item","0.2","0.0","0.0","0.2","0.0","0.0","0.0","8.2","671","4"
"Sales engineers","=""41-9031""","Line Item","7.0","0.2","11.6","7.5","0.2","11.7","0.4","5.9","672","3"
"Telemarketers","=""41-9041""","Line Item","2.9","0.1","2.9","2.3","0.1","2.9","-0.6","-20.5","673","3"
"Miscellaneous sales and related workers","=""41-9090""","Summary","10.5","0.3","6.1","10.6","0.3","6.1","0.1","0.8","674","3"
"Door-to-door sales workers, news and street vendors, and related workers","=""41-9091""","Line Item","4.6","0.2","12.7","4.4","0.1","14.2","-0.3","-5.9","675","4"
"Sales and related workers, all other","=""41-9099""","Line Item","5.9","0.2","4.3","6.2","0.2","4.4","0.4","6.0","676","4"
"Office and administrative support occupations","=""43-0000""","Summary","372.0","12.1","1.9","341.4","10.4","1.8","-30.6","-8.2","677","1"
"Supervisors of office and administrative support workers","=""43-1000""","Summary","33.3","1.1","2.1","31.0","0.9","2.1","-2.3","-7.0","678","2"
"First-line supervisors of office and administrative support workers","=""43-1011""","Line Item","33.3","1.1","2.1","31.0","0.9","2.1","-2.3","-7.0","679","3"
"Communications equipment operators","=""43-2000""","Summary","0.9","0.0","1.6","0.6","0.0","1.4","-0.3","-32.7","680","2"
"Switchboard operators, including answering service","=""43-2011""","Line Item","0.4","0.0","0.9","0.3","0.0","0.8","-0.1","-33.4","681","3"
"Telephone operators","=""43-2021""","Line Item","0.4","0.0","9.5","0.3","0.0","8.6","-0.1","-33.8","682","3"
"Financial clerks","=""43-3000""","Summary","44.8","1.5","1.5","41.3","1.3","1.5","-3.5","-7.9","684","2"
"Bill and account collectors","=""43-3011""","Line Item","3.5","0.1","1.7","3.2","0.1","1.7","-0.3","-7.7","685","3"
"Billing and posting clerks","=""43-3021""","Line Item","11.4","0.4","2.5","10.3","0.3","2.3","-1.1","-10.0","686","3"
"Bookkeeping, accounting, and auditing clerks","=""43-3031""","Line Item","25.5","0.8","1.5","23.8","0.7","1.5","-1.8","-6.9","687","3"
"Payroll and timekeeping clerks","=""43-3051""","Line Item","2.5","0.1","1.5","2.1","0.1","1.5","-0.4","-16.0","689","3"
"Procurement clerks","=""43-3061""","Line Item","0.6","0.0","1.0","0.6","0.0","0.9","-0.1","-10.8","690","3"
"Tellers","=""43-3071""","Line Item","0.2","0.0","0.0","0.2","0.0","0.1","0.0","12.1","691","3"
"Financial clerks, all other","=""43-3099""","Line Item","1.0","0.0","2.4","1.1","0.0","2.6","0.1","9.9","692","3"
"Information and record clerks","=""43-4000""","Summary","153.1","5.0","2.6","143.0","4.4","2.5","-10.1","-6.6","693","2"
"Brokerage clerks","=""43-4011""","Line Item","0.2","0.0","0.4","0.2","0.0","0.4","0.0","-4.7","694","3"
"Correspondence clerks","=""43-4021""","Line Item","0.2","0.0","3.5","0.2","0.0","3.7","0.0","0.5","695","3"
"Credit authorizers, checkers, and clerks","=""43-4041""","Line Item","0.3","0.0","1.9","0.3","0.0","1.9","0.0","-6.2","697","3"
"Customer service representatives","=""43-4051""","Line Item","131.4","4.3","4.4","122.3","3.7","4.3","-9.1","-6.9","698","3"
"File clerks","=""43-4071""","Line Item","1.6","0.1","1.8","1.3","0.0","1.8","-0.3","-17.2","700","3"
"Interviewers, except eligibility and loan","=""43-4111""","Line Item","0.7","0.0","0.4","0.7","0.0","0.4","0.0","3.5","702","3"
"Library assistants, clerical","=""43-4121""","Line Item","8.4","0.3","10.1","8.7","0.3","11.2","0.3","4.2","703","3"
"Loan interviewers and clerks","=""43-4131""","Line Item","0.4","0.0","0.2","0.4","0.0","0.2","0.0","10.3","704","3"
"Order clerks","=""43-4151""","Line Item","2.8","0.1","2.1","2.2","0.1","2.0","-0.6","-21.9","706","3"
"Human resources assistants, except payroll and timekeeping","=""43-4161""","Line Item","1.7","0.1","1.6","1.6","0.0","1.5","-0.1","-6.5","707","3"
"Receptionists and information clerks","=""43-4171""","Line Item","4.3","0.1","0.4","3.8","0.1","0.4","-0.5","-11.2","708","3"
"Information and record clerks, all other","=""43-4199""","Line Item","1.2","0.0","0.7","1.2","0.0","0.7","0.1","5.0","710","3"
"Material recording, scheduling, dispatching, and distributing workers","=""43-5000""","Summary","31.2","1.0","1.3","30.8","0.9","1.3","-0.5","-1.5","711","2"
"Couriers and messengers","=""43-5021""","Line Item","0.5","0.0","0.2","0.5","0.0","0.2","0.0","1.9","713","3"
"Dispatchers","=""43-5030""","Summary","4.1","0.1","1.3","3.7","0.1","1.2","-0.4","-9.4","714","3"
"Dispatchers, except police, fire, and ambulance","=""43-5032""","Line Item","4.0","0.1","1.9","3.6","0.1","1.7","-0.4","-9.4","716","4"
"Production, planning, and expediting clerks","=""43-5061""","Line Item","19.7","0.6","5.0","20.3","0.6","4.9","0.6","2.9","722","3"
"Shipping, receiving, and inventory clerks","=""43-5071""","Line Item","6.8","0.2","0.8","6.2","0.2","0.8","-0.7","-9.8","723","3"
"Weighers, measurers, checkers, and samplers, recordkeeping","=""43-5111""","Line Item","0.1","0.0","0.2","0.1","0.0","0.1","0.0","-11.8","724","3"
"Secretaries and administrative assistants","=""43-6000""","Summary","41.5","1.3","1.2","35.7","1.1","1.2","-5.8","-14.0","725","2"
"Executive secretaries and executive administrative assistants","=""43-6011""","Line Item","13.3","0.4","2.6","10.6","0.3","2.6","-2.7","-20.4","726","3"
"Legal secretaries and administrative assistants","=""43-6012""","Line Item","0.4","0.0","0.2","0.3","0.0","0.2","-0.1","-21.6","727","3"
"Secretaries and administrative assistants, except legal, medical, and executive","=""43-6014""","Line Item","25.4","0.8","1.3","22.0","0.7","1.2","-3.3","-13.1","729","3"
"Other office and administrative support workers","=""43-9000""","Summary","67.2","2.2","1.9","59.1","1.8","1.8","-8.1","-12.0","730","2"
"Data entry and information processing workers","=""43-9020""","Summary","12.9","0.4","6.1","9.8","0.3","6.6","-3.0","-23.6","731","3"
"Data entry keyers","=""43-9021""","Line Item","12.5","0.4","7.5","9.6","0.3","7.8","-2.9","-23.0","732","4"
"Word processors and typists","=""43-9022""","Line Item","0.4","0.0","0.9","0.2","0.0","0.8","-0.2","-43.7","733","4"
"Desktop publishers","=""43-9031""","Line Item","2.7","0.1","31.8","2.1","0.1","28.9","-0.6","-21.2","734","3"
"Insurance claims and policy processing clerks","=""43-9041""","Line Item","0.3","0.0","0.1","0.3","0.0","0.1","0.0","12.3","735","3"
"Mail clerks and mail machine operators, except postal service","=""43-9051""","Line Item","4.6","0.1","6.3","3.7","0.1","5.4","-0.8","-18.3","736","3"
"Office clerks, general","=""43-9061""","Line Item","36.9","1.2","1.4","34.1","1.0","1.4","-2.8","-7.6","737","3"
"Office machine operators, except computer","=""43-9071""","Line Item","2.7","0.1","8.5","2.4","0.1","8.8","-0.3","-11.1","738","3"
"Proofreaders and copy markers","=""43-9081""","Line Item","1.5","0.0","20.5","1.4","0.0","19.6","-0.1","-7.9","739","3"
"Statistical assistants","=""43-9111""","Line Item","0.1","0.0","1.5","0.1","0.0","1.4","0.0","-6.7","740","3"
"Office and administrative support workers, all other","=""43-9199""","Line Item","5.7","0.2","2.6","5.2","0.2","2.6","-0.5","-8.2","741","3"
"Construction and extraction occupations","=""47-0000""","Summary","6.7","0.2","0.1","6.8","0.2","0.1","0.1","1.5","763","1"
"Supervisors of construction and extraction workers","=""47-1000""","Summary","0.9","0.0","0.1","0.9","0.0","0.1","0.0","2.5","764","2"
"First-line supervisors of construction trades and extraction workers","=""47-1011""","Line Item","0.9","0.0","0.1","0.9","0.0","0.1","0.0","2.5","765","3"
"Construction trades workers","=""47-2000""","Summary","5.2","0.2","0.1","5.3","0.2","0.1","0.1","1.2","766","2"
"Carpenters","=""47-2031""","Line Item","0.8","0.0","0.1","0.9","0.0","0.1","0.1","6.2","771","3"
"Construction laborers","=""47-2061""","Line Item","1.1","0.0","0.1","1.1","0.0","0.1","0.0","-3.5","780","3"
"Construction equipment operators","=""47-2070""","Summary","1.1","0.0","0.2","1.1","0.0","0.2","-0.1","-5.8","781","3"
"Operating engineers and other construction equipment operators","=""47-2073""","Line Item","1.1","0.0","0.3","1.1","0.0","0.2","-0.1","-5.8","784","4"
"Electricians","=""47-2111""","Line Item","1.9","0.1","0.3","2.0","0.1","0.3","0.1","5.3","788","3"
"Painters and paperhangers","=""47-2140""","Summary","0.1","0.0","0.0","0.1","0.0","0.0","0.0","6.3","793","3"
"Painters, construction and maintenance","=""47-2141""","Line Item","0.1","0.0","0.0","0.1","0.0","0.0","0.0","6.3","794","4"
"Helpers, construction trades","=""47-3000""","Summary","0.1","0.0","0.1","0.2","0.0","0.1","0.0","6.9","805","2"
"Other construction and related workers","=""47-4000""","Summary","0.4","0.0","0.1","0.4","0.0","0.1","0.0","2.5","813","2"
"Construction and building inspectors","=""47-4011""","Line Item","0.1","0.0","0.0","0.0","0.0","0.0","0.0","-10.5","814","3"
"Miscellaneous construction and related workers","=""47-4090""","Line Item","0.3","0.0","1.0","0.4","0.0","1.1","0.0","4.7","821","3"
"Installation, maintenance, and repair occupations","=""49-0000""","Summary","214.3","7.0","3.4","229.9","7.0","3.5","15.5","7.3","840","1"
"Supervisors of installation, maintenance, and repair workers","=""49-1000""","Summary","16.1","0.5","2.8","15.4","0.5","2.6","-0.8","-4.7","841","2"
"First-line supervisors of mechanics, installers, and repairers","=""49-1011""","Line Item","16.1","0.5","2.8","15.4","0.5","2.6","-0.8","-4.7","842","3"
"Electrical and electronic equipment mechanics, installers, and repairers","=""49-2000""","Summary","117.6","3.8","22.3","129.6","4.0","24.6","12.0","10.2","843","2"
"Computer, automated teller, and office machine repairers","=""49-2011""","Line Item","0.7","0.0","0.8","0.8","0.0","0.9","0.0","5.1","844","3"
"Radio and telecommunications equipment installers and repairers","=""49-2020""","Summary","115.1","3.7","61.5","127.1","3.9","64.0","12.0","10.4","845","3"
"Radio, cellular, and tower equipment installers and repairers","=""49-2021""","Line Item","4.3","0.1","32.2","4.7","0.1","33.6","0.3","8.0","846","4"
"Telecommunications equipment installers and repairers, except line installers","=""49-2022""","Line Item","110.8","3.6","63.8","122.4","3.7","66.3","11.6","10.5","847","4"
"Miscellaneous electrical and electronic equipment mechanics, installers, and repairers","=""49-2090""","Summary","1.8","0.1","0.7","1.8","0.1","0.7","0.0","-2.4","848","3"
"Electrical and electronics repairers, commercial and industrial equipment","=""49-2094""","Line Item","0.7","0.0","1.3","0.7","0.0","1.3","0.0","1.7","852","4"
"Audiovisual equipment installers and repairers","=""49-2097""","Line Item","0.9","0.0","3.3","0.9","0.0","3.4","0.0","-4.9","855","4"
"Security and fire alarm systems installers","=""49-2098""","Line Item","0.2","0.0","0.2","0.2","0.0","0.2","0.0","-5.8","856","4"
"Vehicle and mobile equipment mechanics, installers, and repairers","=""49-3000""","Summary","0.7","0.0","0.0","0.6","0.0","0.0","0.0","-4.6","857","2"
"Automotive technicians and repairers","=""49-3020""","Summary","0.6","0.0","0.1","0.6","0.0","0.1","0.0","-4.0","859","3"
"Automotive service technicians and mechanics","=""49-3023""","Line Item","0.6","0.0","0.1","0.6","0.0","0.1","0.0","-4.0","862","4"
"Bus and truck mechanics and diesel engine specialists","=""49-3031""","Line Item","0.1","0.0","0.0","0.1","0.0","0.0","0.0","-10.2","863","3"
"Other installation, maintenance, and repair occupations","=""49-9000""","Summary","79.9","2.6","2.4","84.2","2.6","2.4","4.3","5.4","876","2"
"Heating, air conditioning, and refrigeration mechanics and installers","=""49-9021""","Line Item","0.5","0.0","0.1","0.5","0.0","0.1","0.0","2.3","880","3"
"Industrial machinery installation, repair, and maintenance workers","=""49-9040""","Summary","0.3","0.0","0.1","0.2","0.0","0.0","0.0","-13.7","882","3"
"Industrial machinery mechanics","=""49-9041""","Line Item","0.2","0.0","0.1","0.2","0.0","0.0","0.0","-14.0","883","4"
"Line installers and repairers","=""49-9050""","Summary","69.2","2.3","29.5","73.3","2.2","29.9","4.1","5.9","887","3"
"Electrical power-line installers and repairers","=""49-9051""","Line Item","0.4","0.0","0.3","0.4","0.0","0.3","0.0","-5.8","888","4"
"Telecommunications line installers and repairers","=""49-9052""","Line Item","68.8","2.2","61.4","72.9","2.2","61.0","4.1","6.0","889","4"
"Precision instrument and equipment repairers","=""49-9060""","Summary","0.1","0.0","0.1","0.1","0.0","0.1","0.0","-3.5","890","3"
"Maintenance and repair workers, general","=""49-9071""","Line Item","7.7","0.3","0.5","7.9","0.2","0.5","0.2","2.2","896","3"
"Miscellaneous installation, maintenance, and repair workers","=""49-9090""","Summary","2.1","0.1","0.6","2.2","0.1","0.6","0.1","4.9","898","3"
"Riggers","=""49-9096""","Line Item","1.2","0.0","6.2","1.3","0.0","6.6","0.1","6.9","903","4"
"Helpers--installation, maintenance, and repair workers","=""49-9098""","Line Item","0.2","0.0","0.2","0.2","0.0","0.2","0.0","-5.8","905","4"
"Installation, maintenance, and repair workers, all other","=""49-9099""","Line Item","0.4","0.0","0.2","0.3","0.0","0.2","0.0","-2.7","906","4"
"Production occupations","=""51-0000""","Summary","23.7","0.8","0.3","21.8","0.7","0.2","-1.9","-8.0","907","1"
"Supervisors of production workers","=""51-1000""","Summary","3.3","0.1","0.5","3.3","0.1","0.5","0.0","-0.8","908","2"
"First-line supervisors of production and operating workers","=""51-1011""","Line Item","3.3","0.1","0.5","3.3","0.1","0.5","0.0","-0.8","909","3"
"Assemblers and fabricators","=""51-2000""","Summary","3.7","0.1","0.2","3.4","0.1","0.2","-0.3","-8.6","910","2"
"Electrical, electronics, and electromechanical assemblers","=""51-2020""","Summary","0.3","0.0","0.1","0.3","0.0","0.1","0.0","-1.9","912","3"
"Electrical, electronic, and electromechanical assemblers, except coil winders, tapers, and finishers","=""51-2028""","Line Item","0.3","0.0","0.1","0.3","0.0","0.1","0.0","-1.9","914","4"
"Miscellaneous assemblers and fabricators","=""51-2090""","Line Item","3.4","0.1","0.2","3.1","0.1","0.2","-0.3","-9.2","919","3"
"Metal workers and plastic workers","=""51-4000""","Summary","1.6","0.1","0.1","1.6","0.0","0.1","0.0","-2.6","931","2"
"Machinists","=""51-4041""","Line Item","0.1","0.0","0.0","0.1","0.0","0.0","0.0","-13.8","942","3"
"Welding, soldering, and brazing workers","=""51-4120""","Summary","0.1","0.0","0.0","0.1","0.0","0.0","0.0","0.7","954","3"
"Welders, cutters, solderers, and brazers","=""51-4121""","Line Item","0.1","0.0","0.0","0.1","0.0","0.0","0.0","0.9","955","4"
"Miscellaneous metal workers and plastic workers","=""51-4190""","Summary","1.2","0.0","1.5","1.2","0.0","1.6","0.0","0.9","957","3"
"Printing workers","=""51-5100""","Summary","10.3","0.3","4.6","9.1","0.3","4.6","-1.2","-11.7","963","2"
"Prepress technicians and workers","=""51-5111""","Line Item","1.8","0.1","7.1","1.5","0.0","7.0","-0.3","-18.1","964","3"
"Printing press operators","=""51-5112""","Line Item","6.6","0.2","4.3","5.9","0.2","4.2","-0.7","-11.0","965","3"
"Print binding and finishing workers","=""51-5113""","Line Item","1.9","0.1","4.5","1.7","0.1","5.0","-0.2","-8.2","966","3"
"Textile, apparel, and furnishings workers","=""51-6000""","Summary","0.4","0.0","0.1","0.4","0.0","0.1","0.0","8.5","967","2"
"Sewing machine operators","=""51-6031""","Line Item","0.1","0.0","0.1","0.1","0.0","0.1","0.0","7.3","970","3"
"Other production occupations","=""51-9000""","Summary","4.1","0.1","0.2","3.8","0.1","0.1","-0.3","-8.0","1009","2"
"Inspectors, testers, sorters, samplers, and weighers","=""51-9061""","Line Item","2.0","0.1","0.3","1.8","0.1","0.3","-0.2","-7.7","1022","3"
"Packaging and filling machine operators and tenders","=""51-9111""","Line Item","0.3","0.0","0.1","0.2","0.0","0.1","0.0","-16.3","1028","3"
"Painting workers","=""51-9120""","Summary","0.3","0.0","0.1","0.3","0.0","0.2","0.0","6.9","1029","3"
"Painting, coating, and decorating workers","=""51-9123""","Line Item","0.2","0.0","1.8","0.3","0.0","1.9","0.0","6.9","1030","4"
"Photographic process workers and processing machine operators","=""51-9151""","Line Item","0.2","0.0","3.8","0.3","0.0","4.7","0.0","7.5","1033","3"
"Miscellaneous production workers","=""51-9190""","Summary","1.1","0.0","0.2","0.9","0.0","0.1","-0.2","-14.4","1037","3"
"Paper goods machine setters, operators, and tenders","=""51-9196""","Line Item","0.1","0.0","0.1","0.1","0.0","0.1","0.0","-14.6","1043","4"
"Helpers--production workers","=""51-9198""","Line Item","0.6","0.0","0.3","0.5","0.0","0.3","-0.1","-17.5","1045","4"
"Production workers, all other","=""51-9199""","Line Item","0.4","0.0","0.1","0.3","0.0","0.1","0.0","-12.5","1046","4"
"Transportation and material moving occupations","=""53-0000""","Summary","29.3","1.0","0.2","28.8","0.9","0.2","-0.5","-1.6","1047","1"
"Supervisors of transportation and material moving workers","=""53-1000""","Summary","2.1","0.1","0.4","2.1","0.1","0.3","-0.1","-2.8","1048","2"
"First-line supervisors of transportation and material moving workers, except aircraft cargo handling supervisors","=""53-1047""","Line Item","2.1","0.1","0.4","2.1","0.1","0.3","-0.1","-2.8","1050","3"
"Air transportation workers","=""53-2000""","Summary","0.2","0.0","0.1","0.2","0.0","0.1","0.0","6.1","1051","2"
"Aircraft pilots and flight engineers","=""53-2010""","Summary","0.1","0.0","0.1","0.1","0.0","0.1","0.0","5.6","1052","3"
"Commercial pilots","=""53-2012""","Line Item","0.1","0.0","0.2","0.1","0.0","0.2","0.0","7.4","1054","4"
"Motor vehicle operators","=""53-3000""","Summary","9.3","0.3","0.2","8.9","0.3","0.2","-0.4","-3.9","1059","2"
"Driver/sales workers and truck drivers","=""53-3030""","Summary","8.4","0.3","0.2","8.0","0.2","0.2","-0.4","-4.9","1061","3"
"Driver/sales workers","=""53-3031""","Line Item","3.0","0.1","0.6","2.6","0.1","0.5","-0.4","-13.5","1062","4"
"Heavy and tractor-trailer truck drivers","=""53-3032""","Line Item","1.6","0.1","0.1","1.6","0.0","0.1","0.1","3.8","1063","4"
"Light truck drivers","=""53-3033""","Line Item","3.8","0.1","0.3","3.7","0.1","0.3","-0.1","-1.6","1064","4"
"Passenger vehicle drivers","=""53-3050""","Summary","0.5","0.0","0.1","0.6","0.0","0.1","0.0","5.2","1065","3"
"Shuttle drivers and chauffeurs","=""53-3053""","Line Item","0.5","0.0","0.2","0.5","0.0","0.2","0.0","5.2","1068","4"
"Motor vehicle operators, all other","=""53-3099""","Line Item","0.4","0.0","0.5","0.4","0.0","0.5","0.0","6.4","1070","3"
"Other transportation workers","=""53-6000""","Summary","0.6","0.0","0.2","0.7","0.0","0.2","0.0","6.8","1085","2"
"Parking attendants","=""53-6021""","Line Item","0.6","0.0","0.6","0.7","0.0","0.6","0.0","6.8","1087","3"
"Material moving workers","=""53-7000""","Summary","17.1","0.6","0.2","17.0","0.5","0.2","-0.1","-0.6","1095","2"
"Industrial truck and tractor operators","=""53-7051""","Line Item","1.2","0.0","0.1","1.2","0.0","0.1","0.1","4.7","1100","3"
"Laborers and material movers","=""53-7060""","Summary","15.7","0.5","0.2","15.5","0.5","0.2","-0.2","-1.1","1101","3"
"Laborers and freight, stock, and material movers, hand","=""53-7062""","Line Item","6.8","0.2","0.2","6.8","0.2","0.2","0.0","0.0","1103","4"
"Machine feeders and offbearers","=""53-7063""","Line Item","0.6","0.0","1.2","0.5","0.0","0.9","-0.1","-17.5","1104","4"
"Packers and packagers, hand","=""53-7064""","Line Item","1.9","0.1","0.3","1.7","0.1","0.3","-0.1","-7.5","1105","4"
"Stockers and order fillers","=""53-7065""","Line Item","6.4","0.2","0.2","6.4","0.2","0.2","0.1","1.1","1106","4"
"Material moving workers, all other","=""53-7199""","Line Item","0.2","0.0","0.6","0.2","0.0","0.6","0.0","7.8","1113","3"
